retrieved_date,image_url,image_address,count_rating,avg_rating
2020-07-05-14:20:12,https://preview.redd.it/lmjfg19ab1951.jpg?width=640&crop=smart&auto=webp&s=5b1f17472b534e8973d1484d4f51fcc9ae819a1d,./data/1_20_12.jpg,6,7.083333333333333
2020-07-05-14:20:12,https://preview.redd.it/lmjfg19ab1951.jpg?width=640&crop=smart&auto=webp&s=5b1f17472b534e8973d1484d4f51fcc9ae819a1d,./data/2_20_12.jpg,6,7.083333333333333
2020-07-05-14:20:18,https://preview.redd.it/dvmlze00u2951.jpg?width=640&crop=smart&auto=webp&s=216caeb8dfdb2a44d56c5fb5641d2dd2ab4045c4,./data/1_20_18.jpg,4,5.25
2020-07-05-14:20:29,https://preview.redd.it/9mwk0ihm82951.jpg?width=640&crop=smart&auto=webp&s=6f70eda87e40913859f3292f21609f7e5477d042,./data/1_20_29.jpg,2,6.5
2020-07-05-14:20:29,https://preview.redd.it/9mwk0ihm82951.jpg?width=640&crop=smart&auto=webp&s=6f70eda87e40913859f3292f21609f7e5477d042,./data/2_20_29.jpg,2,6.5
2020-07-05-14:20:33,https://preview.redd.it/bc4im0xjx2951.jpg?width=960&crop=smart&auto=webp&s=8e4e6fd2c4f7bf11dfe91e7fa0072338f31c148d,./data/1_20_33.jpg,4,8.0
2020-07-05-14:20:33,https://preview.redd.it/bc4im0xjx2951.jpg?width=960&crop=smart&auto=webp&s=8e4e6fd2c4f7bf11dfe91e7fa0072338f31c148d,./data/2_20_33.jpg,4,8.0
2020-07-05-14:20:33,https://preview.redd.it/bc4im0xjx2951.jpg?width=960&crop=smart&auto=webp&s=8e4e6fd2c4f7bf11dfe91e7fa0072338f31c148d,./data/3_20_33.jpg,4,8.0
2020-07-05-14:20:33,https://preview.redd.it/bc4im0xjx2951.jpg?width=960&crop=smart&auto=webp&s=8e4e6fd2c4f7bf11dfe91e7fa0072338f31c148d,./data/4_20_33.jpg,4,8.0
